country,day
MC,2022-07-17
AT,2023-07-15
OM,2023-09-02
GM,2023-03-15
BN,2022-06-17
DJ,2023-04-20
BJ,2023-08-21
SZ,2022-04-03
AZ,2023-10-21
KN,2022-11-02
CY,2023-12-13
HU,2022-03-07
MX,2022-03-06
SK,2023-06-07
DZ,2022-03-28
MR,2023-05-11
KW,2023-03-29
GY,2022-04-19
GT,2022-05-13
TJ,2023-01-18
IT,2023-01-05
IE,2022-12-17
SR,2023-02-20
LS,2023-09-16
MD,2022-10-30
MN,2022-09-25
BB,2022-05-28
ES,2022-05-13
BW,2023-07-05
NG,2022-07-22
JO,2022-01-08
NZ,2023-08-01
LC,2022-10-08
ZW,2022-02-21
KM,2023-11-26
CM,2022-03-24
PY,2022-03-27
ZW,2023-07-21
GN,2023-04-05
US,2022-03-06
GG,2023-07-25
ET,2022-12-24
BA,2023-11-27
SK,2022-07-23
MA,2022-08-10
KY,2023-04-20
DO,2023-05-08
PK,2023-09-22
JO,2022-02-11
AE,2022-04-29
KH,2022-12-22
PA,2022-12-04
ID,2023-06-09
ET,2023-10-06
AO,2023-10-31
HK,2022-06-08
VU,2023-01-27
KI,2023-06-15
FR,2023-11-15
MU,2022-04-08
SC,2022-07-17
CZ,2023-10-26
NP,2022-08-28
SN,2022-06-12
YE,2022-12-25
MZ,2022-06-24
TH,2023-02-15
FK,2023-12-16
CD,2023-06-30
TN,2022-08-20
UY,2022-11-14
DM,2023-08-27
NG,2023-04-04
PW,2022-06-19
RO,2023-03-23
SN,2023-10-18
BY,2023-08-18
EC,2023-01-20
RO,2023-09-08
LC,2023-07-02
SH,2022-09-11
LT,2023-07-23
IS,2022-04-01
UY,2022-10-06
LR,2023-12-15
DZ,2022-12-05
GI,2022-10-31
BT,2022-02-08
VC,2023-09-12
PT,2023-08-11
EC,2022-10-20
MT,2023-03-05
SO,2023-09-15
MW,2022-03-26
LA,2022-01-24
BR,2022-06-02
YT,2023-08-15
BN,2022-04-08
GD,2023-10-29
VE,2022-07-28
AD,2023-11-04
PK,2022-01-03
UG,2022-10-26
NL,2023-10-10
CL,2022-09-25
BI,2023-07-30
GR,2023-04-10
YE,2023-04-14
AU,2022-11-24
KY,2022-02-18
JM,2022-06-02
MY,2022-01-19
TD,2023-11-25
KG,2023-01-25
GE,2023-12-13
PT,2022-06-09
RS,2023-08-01
GM,2023-12-17
UA,2022-12-13
HN,2022-03-02
RS,2022-11-21
RO,2022-05-22
PH,2022-09-14
MY,2022-08-12
JP,2023-12-28
YT,2023-11-07
SM,2022-03-26
NG,2023-01-08
AO,2022-03-17
CV,2023-07-07
VU,2023-04-09
TT,2023-10-25
CI,2023-11-03
VN,2022-07-25
KW,2022-06-30
TO,2022-10-26
KY,2022-08-27
MM,2022-12-22
HT,2023-12-29
AU,2022-07-24
BF,2023-05-04
ER,2022-11-22
IT,2022-03-17
MX,2022-09-21
ES,2022-12-20
PG,2023-12-29
SA,2022-06-19
DE,2022-02-20
TZ,2022-08-26
VG,2023-12-25
GM,2022-08-16
BG,2023-07-18
PY,2023-02-18
PG,2022-07-19
AR,2023-06-22
EG,2022-06-12
MV,2022-06-28
CV,2022-05-25
SE,2022-11-25
VN,2023-09-30
NO,2023-03-11
EE,2022-03-28
AM,2022-02-25
MW,2023-11-08
MZ,2023-03-03
ER,2022-05-08
ST,2022-11-08
WS,2022-07-16
VE,2022-07-22
GY,2022-12-21
MT,2023-11-18
CH,2022-07-19
GB,2022-07-16
SA,2023-05-18
VU,2023-11-17
EE,2023-02-15
NE,2023-04-06
IE,2023-05-07
ZA,2023-01-04
KN,2022-08-17
BO,2023-09-06
SK,2022-08-01
US,2022-06-24
CV,2022-04-24
PL,2023-08-12
PL,2022-02-24
DJ,2022-05-16
MR,2022-09-05
IE,2023-05-15
HT,2022-08-31
LC,2023-09-30
CM,2023-03-04
SR,2023-09-02
SG,2023-03-29
VN,2022-11-03
KI,2023-10-27
LC,2023-03-16
BS,2023-07-29
SI,2022-06-26
EG,2023-01-19
TT,2023-11-06
GT,2022-05-09
GB,2023-11-15
NG,2023-06-20
KW,2022-11-15
MG,2023-10-23
BG,2022-03-27
KM,2022-01-03
GN,2022-09-28
GY,2022-06-01
BA,2022-06-22
UZ,2023-12-25
LT,2022-08-13
EE,2023-08-20
EC,2023-03-28
SM,2022-11-27
MC,2023-02-15
IS,2023-11-13
CD,2023-07-05
KZ,2022-03-07
TO,2022-02-26
EG,2023-01-01
SI,2022-01-23
TT,2023-11-28
BO,2022-08-31
MK,2022-02-01
CR,2022-01-11
PS,2023-04-29
GQ,2023-12-28
WS,2022-01-20
LA,2022-07-04
WS,2023-01-17
PK,2023-03-04
LT,2022-06-12
AT,2022-05-15
GR,2022-03-13
AI,2022-03-16
AE,2022-06-26
TJ,2022-02-26
SN,2023-09-13
KW,2022-08-06
OM,2023-06-02
IE,2022-11-18
ER,2022-09-06
AM,2022-05-11
ZA,2022-08-16
JO,2023-01-03
CM,2023-07-10
SN,2023-07-19
AG,2023-11-15
AD,2023-02-23
SG,2023-09-28
BI,2022-03-24
BT,2023-02-02
TM,2022-01-23
GI,2022-02-12
IT,2023-02-12
SI,2022-01-13
AE,2023-03-18
BH,2022-07-15
IN,2023-07-15
NZ,2022-06-25
BB,2022-07-17
SH,2023-10-06
GD,2022-06-30
VN,2023-01-08
PG,2023-04-17
FM,2022-06-12
BD,2022-10-01
UZ,2022-06-13
ME,2023-01-20
PA,2022-07-22
CO,2022-11-27
BA,2023-01-06
TZ,2023-08-04
IL,2023-03-23
CM,2023-02-07
HN,2022-02-11
EG,2022-08-19
GW,2023-09-27
SN,2023-11-26
MS,2023-01-13
FK,2022-04-11
AD,2023-07-30
GT,2023-07-31
BT,2022-11-26
MZ,2023-08-09
KH,2022-05-01
LK,2022-06-20
ET,2023-06-09
HR,2023-03-05
VC,2022-04-01
UZ,2023-03-04
PH,2023-03-20
KH,2022-01-17
TN,2023-04-30
MY,2022-08-10
MS,2023-03-26
JM,2022-09-18
KM,2023-05-02
FR,2023-12-06
YE,2022-10-04
TL,2022-02-15
US,2023-03-06
LA,2022-11-30
TM,2023-08-06
MR,2022-04-18
TL,2023-01-27
BI,2022-06-06
AM,2022-08-04
PT,2023-08-23
BI,2023-08-21
KY,2022-01-12
MU,2022-06-05
NE,2023-03-10
KH,2022-02-25
UZ,2023-04-22
US,2023-05-12
AE,2023-10-27
DK,2023-12-11
GR,2022-11-22
BM,2023-09-20
TV,2023-08-22
VN,2023-02-28
BW,2023-05-31
MU,2022-09-05
BT,2022-08-28
SA,2023-10-27
CO,2022-05-22
ST,2023-02-15
BR,2023-07-16
JP,2022-11-28
CD,2023-10-06
LC,2022-02-26
LK,2023-09-05
FK,2022-06-16
MG,2022-09-29
LB,2023-01-08
SL,2023-01-20
GT,2022-09-22
VN,2022-04-03
BN,2022-07-14
GA,2022-02-23
VE,2023-11-27
TG,2022-01-30
MA,2022-10-05
BH,2023-04-15
SI,2023-06-23
NG,2022-08-31
NE,2023-11-23
FI,2022-12-14
CG,2022-09-21
AR,2022-11-27
WS,2023-11-26
AO,2023-10-20
CO,2022-07-02
MT,2022-09-05
GQ,2022-06-25
MW,2022-10-23
BY,2023-09-15
PW,2023-03-04
HK,2023-12-25
HK,2023-12-25
HK,2022-12-25
HK,2022-04-12
HK,2022-04-13
HK,2022-04-14
HK,2022-04-15
HK,2022-04-16
HK,2022-04-17
HK,2022-04-18
HK,2022-04-19
HK,2022-04-20
HK,2022-04-21
HK,2022-04-22
HK,2022-04-23
HK,2022-04-24
HK,2022-04-25
HK,2022-04-26
HK,2022-04-27
HK,2022-04-28
HK,2022-04-29
HK,2022-04-30
HK,2022-05-01
HK,2022-05-02
HK,2022-05-03
HK,2022-05-04
HK,2022-05-05
HK,2022-05-06
HK,2022-05-07
HK,2022-05-08
HK,2022-05-09
HK,2022-05-10
HK,2022-05-11
HK,2022-05-12
HK,2022-05-13
HK,2022-05-14
HK,2022-05-15
HK,2022-05-16
HK,2022-05-17
HK,2022-05-18
HK,2022-05-19
HK,2022-05-20
HK,2022-05-21
HK,2022-05-22
HK,2022-05-23
HK,2022-05-24
HK,2022-05-25
HK,2022-05-26
HK,2022-05-27
HK,2022-05-28
HK,2022-05-29
HK,2022-05-30
HK,2022-05-31
HK,2022-06-01
HK,2022-06-02
HK,2022-06-03
HK,2022-06-04
HK,2022-06-05
HK,2022-06-06
HK,2022-06-07
HK,2022-06-08
HK,2022-06-09
HK,2022-06-10
HK,2022-06-11
HK,2022-06-12
HK,2022-06-13
HK,2022-06-14
HK,2022-06-15
HK,2022-06-16
HK,2022-06-17
HK,2022-06-18
HK,2022-06-19
HK,2022-06-20
HK,2022-06-21
HK,2022-06-22
HK,2022-06-23
HK,2022-06-24
HK,2022-06-25
HK,2022-04-12
HK,2022-04-13
HK,2022-04-14
HK,2022-04-15
HK,2022-04-16
HK,2022-04-17
HK,2022-04-18
HK,2022-04-19
HK,2022-04-20
HK,2022-04-21
HK,2022-04-22
HK,2022-04-23
HK,2022-04-24
HK,2022-04-25
HK,2022-04-26
HK,2022-04-27
HK,2022-04-28
HK,2022-04-29
HK,2022-04-30
HK,2022-05-01
HK,2022-05-02
HK,2022-05-03
HK,2022-05-04
HK,2022-05-05
HK,2022-05-06
HK,2022-05-07
HK,2022-05-08
HK,2022-05-09
HK,2022-05-10
HK,2022-05-11
HK,2022-05-12
HK,2022-05-13
HK,2022-05-14
HK,2022-05-15
HK,2022-05-16
HK,2022-05-17
HK,2022-05-18
HK,2022-05-19
HK,2022-05-20
HK,2022-05-21
HK,2022-05-22
HK,2022-05-23
HK,2022-05-24
HK,2022-05-25
HK,2022-05-26
HK,2022-05-27
HK,2022-05-28
HK,2022-05-29
HK,2022-05-30
HK,2022-05-31
HK,2022-06-01
HK,2022-06-02
HK,2022-06-03
HK,2022-06-04
HK,2022-06-05
HK,2022-06-06
HK,2022-06-07
HK,2022-06-08
HK,2022-06-09
HK,2022-06-10
HK,2022-06-11
HK,2022-06-12
HK,2022-06-13
HK,2022-06-14
HK,2022-06-15
HK,2022-06-16
HK,2022-06-17
HK,2022-06-18
HK,2022-06-19
HK,2022-06-20
HK,2022-06-21
HK,2022-06-22
HK,2022-06-23
HK,2022-06-24
HK,2022-06-25
HK,2022-06-26
HK,2022-06-27
HK,2022-06-28
HK,2022-06-29
HK,2022-06-30
HK,2022-07-01
HK,2022-07-02
HK,2022-07-03
HK,2022-07-04
HK,2022-07-05
HK,2022-07-06
HK,2022-07-07
HK,2022-07-08
HK,2022-07-09
HK,2022-07-10
HK,2022-07-11
HK,2022-07-12
HK,2022-07-13
HK,2022-07-14
HK,2022-07-15
HK,2022-07-16
HK,2022-07-17
HK,2022-07-18
HK,2022-07-19
HK,2022-07-20
HK,2022-07-21
HK,2022-07-22
HK,2022-07-23
HK,2022-07-24
HK,2022-07-25
HK,2022-07-26
HK,2022-07-27
HK,2022-07-28
HK,2022-07-29
HK,2022-07-30
HK,2022-07-31
HK,2022-08-01
HK,2022-08-02
HK,2022-08-03
HK,2022-08-04
HK,2022-08-05
HK,2022-08-06
HK,2022-08-07
HK,2022-08-08
HK,2022-08-09
HK,2022-08-10
HK,2022-08-11
HK,2022-08-12
HK,2022-08-13
HK,2022-08-14
HK,2022-08-15
HK,2022-08-16
HK,2022-08-17
HK,2022-08-18
HK,2022-08-19
HK,2022-08-20
HK,2022-08-21
HK,2022-08-22
HK,2022-08-23
HK,2022-08-24
HK,2022-08-25
HK,2022-08-26
HK,2022-08-27
HK,2022-08-28
HK,2022-08-29
HK,2022-08-30
HK,2022-08-31
HK,2022-09-01
HK,2022-09-02
HK,2022-09-03
HK,2022-09-04
HK,2022-09-05
HK,2022-09-06
HK,2022-09-07
HK,2022-09-08
HK,2022-09-09
HK,2022-09-10
HK,2022-09-11
HK,2022-09-12
HK,2022-09-13
HK,2022-09-14
HK,2022-09-15
HK,2022-09-16
HK,2022-09-17
HK,2022-09-18
HK,2022-09-19
HK,2022-09-20
HK,2022-09-21
HK,2022-09-22
HK,2022-09-23
HK,2022-09-24
HK,2022-09-25
HK,2022-09-26
HK,2022-09-27
HK,2022-09-28
HK,2022-09-29
HK,2022-09-30
HK,2022-10-01
HK,2022-10-02
HK,2022-10-03
HK,2022-10-04
HK,2022-10-05
HK,2022-10-06
HK,2022-10-07
HK,2022-10-08
HK,2022-10-09
HK,2022-10-10
HK,2022-10-11
HK,2022-10-12
HK,2022-10-13
HK,2022-10-14
HK,2022-10-15
HK,2022-10-16
HK,2022-10-17
HK,2022-10-18
HK,2022-10-19
HK,2022-10-20
HK,2022-10-21
HK,2022-10-22
HK,2022-10-23
HK,2022-10-24
HK,2022-10-25
HK,2022-10-26
HK,2022-10-27
HK,2022-10-28
HK,2022-10-29
HK,2022-10-30
HK,2022-10-31
HK,2022-11-01
HK,2022-11-02
HK,2022-11-03
HK,2022-11-04
HK,2022-11-05
HK,2022-11-06
HK,2022-11-07
HK,2022-11-08
HK,2022-11-09
HK,2022-11-10
HK,2022-11-11
HK,2022-11-12
HK,2022-11-13
HK,2022-11-14
HK,2022-11-15
HK,2022-11-16
HK,2022-11-17
HK,2022-11-18
HK,2022-11-19
HK,2022-11-20
HK,2022-11-21
HK,2022-11-22
HK,2022-11-23
HK,2022-11-24
HK,2022-11-25
HK,2022-11-26
HK,2022-11-27
HK,2022-11-28
HK,2022-11-29
HK,2022-11-30
HK,2022-12-01
HK,2022-12-02
HK,2022-12-03
HK,2022-12-04
HK,2022-12-05
HK,2022-12-06
HK,2022-12-07
HK,2022-12-08
HK,2022-12-09
HK,2022-12-10
HK,2022-12-11
HK,2022-12-12
HK,2022-12-13
HK,2022-12-14
HK,2022-12-15
HK,2022-12-16
HK,2022-12-17
HK,2022-12-18
HK,2022-12-19
HK,2022-12-20
HK,2022-12-21
HK,2022-12-22
HK,2022-12-23
HK,2022-12-24
HK,2022-12-25
HK,2022-12-26
HK,2022-12-27
HK,2022-12-28
HK,2022-12-29
BA,2022-02-11
BA,2022-03-14
HK,2024-01-09
KR,2024-01-09
VI,2024-01-09
WF,2024-01-09
YT,2024-01-09
HK,2024-01-08
KR,2024-01-08
VI,2024-01-08
WF,2024-01-08
YT,2024-01-08
HK,2024-01-07
KR,2024-01-07
VI,2024-01-07
WF,2024-01-07
YT,2024-01-07
HK,2024-01-06
KR,2024-01-06
VI,2024-01-06
WF,2024-01-06
YT,2024-01-06
HK,2024-01-05
KR,2024-01-05
VI,2024-01-05
WF,2024-01-05
YT,2024-01-05
HK,2024-01-04
KR,2024-01-04
VI,2024-01-04
WF,2024-01-04
YT,2024-01-04
HK,2024-01-03
KR,2024-01-03
VI,2024-01-03
WF,2024-01-03
YT,2024-01-03
HK,2024-01-02
KR,2024-01-02
VI,2024-01-02
WF,2024-01-02
YT,2024-01-02
HK,2024-01-01
KR,2024-01-01
VI,2024-01-01
WF,2024-01-01
YT,2024-01-01
KR,2024-01-07
VI,2024-01-05
HK,2024-01-09
KR,2024-01-09
VI,2024-01-09
WF,2024-01-09
YT,2024-01-09
HK,2024-01-08
KR,2024-01-08
VI,2024-01-08
WF,2024-01-08
YT,2024-01-08
HK,2024-01-07
KR,2024-01-07
VI,2024-01-07
WF,2024-01-07
YT,2024-01-07
HK,2024-01-06
KR,2024-01-06
VI,2024-01-06
WF,2024-01-06
YT,2024-01-06
HK,2024-01-05
KR,2024-01-05
VI,2024-01-05
WF,2024-01-05
YT,2024-01-05
HK,2024-01-04
KR,2024-01-04
VI,2024-01-04
WF,2024-01-04
YT,2024-01-04
HK,2024-01-03
KR,2024-01-03
VI,2024-01-03
WF,2024-01-03
YT,2024-01-03
HK,2024-01-02
KR,2024-01-02
VI,2024-01-02
WF,2024-01-02
YT,2024-01-02
HK,2024-01-01
KR,2024-01-01
VI,2024-01-01
WF,2024-01-01
YT,2024-01-01
KR,2024-01-07
VI,2024-01-05
HK,2025-07-18
KR,2025-07-18
VI,2025-07-18
WF,2025-07-18
YT,2025-07-18
HK,2025-07-17
KR,2025-07-17
VI,2025-07-17
WF,2025-07-17
YT,2025-07-17
HK,2025-07-16
KR,2025-07-16
VI,2025-07-16
WF,2025-07-16
YT,2025-07-16
HK,2025-07-15
AD,2025-07-19
AE,2025-07-19
AG,2025-07-19
AI,2025-07-19
AL,2025-07-19
AM,2025-07-19
AO,2025-07-19
AR,2025-07-19
AT,2025-07-19
AU,2025-07-19
AD,2025-07-19
AD,2025-07-19
AE,2025-07-19
AD,2025-07-19
AE,2025-07-19
AD,2025-07-19
AE,2025-07-19
WF,2024-06-13
HK,2025-04-05
YT,2025-04-01
HK,2025-06-02
MV,2022-08-07
KR,2025-01-22
KR,2024-12-15
WF,2025-05-13
HK,2024-05-14
WF,2024-07-14
LA,2025-07-19
TL,2022-05-07
WF,2024-11-29
BN,2022-05-12
VI,2025-01-18
