﻿Page ID,Page name,Disclaimer,Amount spent (THB)
125257203997439,Center for US Voters Abroad Turnout Project,Center for US Voters Abroad Foundation,1235
690159360847215,Pimrypie - ขายทุกอย่าง.,These ads ran without a disclaimer,908
127610057890,KBank Live,KBank Live,680
261923537346273,KAsset,Kasikorn Asset Management,627
108515294626891,สอบข้าราชการท้องถิ่น By Thurakan,สอบข้าราชการท้องถิ่น By Thurakan,571
164635833180,K SME,K SME,329
106500602280120,เตรียมสอบข้อราชการท้องถิ่น อปท. กพ.,เตรียมสอบข้อราชการท้องถิ่น อปท. กพ.,301
174674890018644,นายเดชอิศม์ ขาวทอง นายกชาย,นายเดชอิศม์ ขาวทอง นายกชาย,190
104366838356527,สภาองค์กรของผู้บริโภค,สภาองค์กรของผู้บริโภค,171
359255107449,NationTV,NationTV,162
296508406790,"พรรคประชาธิปัตย์ - Democrat Party, Thailand","พรรคประชาธิปัตย์ - Democrat Party, Thailand",136
135182934814,กรุงเทพธุรกิจ,กรุงเทพธุรกิจ,128
575619955643732,หัวใจสีน้ำเงิน,Blue Project,116
546416699215073,ห้องสื่อครูคอม,ห้องสื่อครูคอม,104
113397052526245,ลงทุนแมน,LTMH,101
335978833560634,เอ้ สุชัชวีร์,เอ้ สุชัชวีร์,≤100
435380029818298,efinanceThai TV,efinanceThai TV,≤100
104427797605274,ดร.เฉลิมชัย ศรีอ่อน รัฐมนตรีว่าการกระทรวงทรัพยากรธรรมชาติและสิ่งแวดล้อม,ดร.เฉลิมชัย ศรีอ่อน รัฐมนตรีว่าการกระทรวงทรัพยากรธรรมชาติและสิ่งแวดล้อม,≤100
402761629797450,InterGOLD Gold Trade,บริษัท อินเตอร์โกลด์ โกลด์เทรด จำกัด,≤100
101353113018669,ศูนย์จำหน่ายโดยตรง เซซามิน งาดำสกัด จ.เชียงใหม่ โทร 082-654-3594,These ads ran without a disclaimer,≤100
114517608647869,กรุงเทพมหานคร,กรุงเทพมหานคร,≤100
111697717281750,National ITMX,National ITMX,≤100
620507678296571,ประชาคมแพทย์,ประชาคมแพทย์,≤100
290231041158403,สอวช.,สำนักงานสภานโยบายการอุดมศึกษา วิทยาศาสตร์,≤100
204016840519336,ศ.ดร.นฤมล ภิญโญสินวัฒน์ Prof.Dr.Narumon Pinyosinwat,ศ.ดร.นฤมล ภิญโญสินวัฒน์ Prof.Dr.Narumon Pinyosinwat,≤100
127886030403507,Macquarie DW28-Thaidw,Macquarie DW28-Thaidw,≤100
304663692992915,Samurai Wifi by BS mobile,บริษัท บางกอก ซามูไร จำกัด (สำนักงานใหญ่),≤100
748342701685467,พิมรี่พายจัดให้,These ads ran without a disclaimer,≤100
380905865599017,alpha+ sandbox,These ads ran without a disclaimer,≤100
103564602466549,ผ่าตัวบท,ผ่าตัวบท,≤100
115922723434700,ครูเจพีสรุปย่อ for Teacher,ครูเจพีสรุปย่อ for Teacher,≤100
173552809351781,sheetandbook.com,sheetandbook.com,≤100
309527089143639,ถามอีก กับอิก Tam-Eig,ถามอีก กับอิก Tam-Eig,≤100
515780628284915,สำนักงาน ป.ป.ส. - ONCB,สำนักงาน ป.ป.ส. - ONCB,≤100
190923294988741,สอบครูผู้ช่วยนะ,สอบครูผู้ช่วยนะ,≤100
693096830706780,SCG,SCG,≤100
142621129084261,TNN,These ads ran without a disclaimer,≤100
110668021506069,เพื่อเทอทั้งสองใบ,เพื่อเทอทั้งสองใบ,≤100
616175001768977,aomMONEY,aomMONEY,≤100
102803105638809,ประชาธิปไตยกินได้,ประชาธิปไตยกินได้,≤100
172113976271965,Smart SME,Smart SME,≤100
518834491303726,Niramon Ponmart,Niramon Ponmart,≤100
109420251938390,ชณทัต ลุยครับ,ชณทัต ลุยครับ,≤100
162047453807939,Dr.Kriengsak Chareonwongsak เกรียงศักดิ์ เจริญวงศ์ศักดิ์,Dr.Kriengsak Chareonwongsak เกรียงศักดิ์ เจริญวงศ์ศักดิ์,≤100
111298031674697,นเรศ ธำรงค์ทิพยคุณ,นเรศ ธำรงค์ทิพยคุณ,≤100
258236810951977,NSTDA - สวทช.,These ads ran without a disclaimer,≤100
691661060695799,เกาะทันข่าว,These ads ran without a disclaimer,≤100
111893278854187,Dailynews - เดลินิวส์ออนไลน์,Dailynews - เดลินิวส์ออนไลน์,≤100
449802885073962,ชี้ช่องรวย,ชี้ช่องรวย,≤100
749284494927667,เล่าข่าวเข้าประเด็น,These ads ran without a disclaimer,≤100
108480414745082,Spotlight,Spotlight,≤100
487476797788352,The Troll ASEAN,The Troll ASEAN,≤100
113001706909463,ดร.เป้ นภาพร เพ็ชร์จินดา Dr.Napaporn Petchinda,ดร.เป้ นภาพร เพ็ชร์จินดา Dr.Napaporn Petchinda,≤100
859229070920606,KResearch,บริษัท ศูนย์วิจัยกสิกรไทย จำกัด,≤100
418729291509368,สถาบันปรีดี พนมยงค์ Pridi Banomyong Institute,สถาบันปรีดี พนมยงค์ Pridi Banomyong Institute,≤100
337413789794500,Treasurist,Treasurist Investment Advisory Securities Company Limited (Head office),≤100
2091153520919518,FC Anutin,FC Anutin,≤100
126907407181323,TB - Talk,TB - Talk,≤100
436052132920301,พีรวัส สมวงศ์,พีรวัส สมวงศ์,≤100
442748962259132,ธนาคารพัฒนาวิสาหกิจขนาดกลางและขนาดย่อมแห่งประเทศไทย,ธนาคารพัฒนาวิสาหกิจขนาดกลางและขนาดย่อมแห่งประเทศไทย,≤100
718805517976058,บันเทิงทูไนท์,These ads ran without a disclaimer,≤100
215052905365961,Mission To The Moon,These ads ran without a disclaimer,≤100
113272168336699,Aek Angsananont,"Security Best Group CO., LTD.",≤100
104450078978792,Register online,These ads ran without a disclaimer,≤100
115362928658335,DARAteam,These ads ran without a disclaimer,≤100
103469518566712,พันตำรวจเอกสมเด็จ สุขการ,พันตำรวจเอกสมเด็จ สุขการ,≤100
102513505412426,แพรแถบแบบใหม่ร้านนนท์,These ads ran without a disclaimer,≤100
648230521715261,Pimrypie - ขายทุกอย่าง,These ads ran without a disclaimer,≤100
330743535084,Thai PBS,These ads ran without a disclaimer,≤100
309713019886908,ราชวิทยาลัยจุฬาภรณ์ Chulabhorn Royal Academy,These ads ran without a disclaimer,≤100
114666921702189,Malaisri PA,These ads ran without a disclaimer,≤100
634922549711435,พิมรี่พายขายทุกอย่างง.,These ads ran without a disclaimer,≤100
710135755506507,เจาะข่าวจริง,These ads ran without a disclaimer,≤100
195119697286323,พุทธิพงษ์  ปุณณกันต์,These ads ran without a disclaimer,≤100
100123332749169,Bluebellfin,These ads ran without a disclaimer,≤100
222983150905466,PEA News by PEA,These ads ran without a disclaimer,≤100
106594434691362,เด็กการเงิน DekFinance,Kasikorn Asset Management,≤100
539119526485380,ทนายใหญ่ ธิมาชัย,ทนายใหญ่ ธิมาชัย,≤100
152665702176493,Ringsideการเมือง,Ringsideการเมือง,≤100
359255107449,NationTV,These ads ran without a disclaimer,≤100
1858556974395193,อธิปบูรพา,These ads ran without a disclaimer,≤100
164635833180,K SME,These ads ran without a disclaimer,≤100
714975265022579,หมอปลาย ดูดวง,These ads ran without a disclaimer,≤100
557746487428232,บอสอีซ้อขี้ขยี้,These ads ran without a disclaimer,≤100
687467701117478,ทนายเพื่อประชาชน สำราญ ตลับเพ็ชร์,These ads ran without a disclaimer,≤100
1551751431783222,The Momentum,The Momentum,≤100
1020502248081883,ข่าวสืบสวนไทย,ข่าวสืบสวนไทย,≤100
1661105217477467,7-11 Fanclub,These ads ran without a disclaimer,≤100
108586193028066,ทันโลกกับ Trader KP,ทันโลกกับ Trader KP,≤100
109785344593658,TODAY Bizview,These ads ran without a disclaimer,≤100
358481010690303,Naema Noor,These ads ran without a disclaimer,≤100
1101981316510229,ท๊อป จิรายุส - Topp Jirayut,These ads ran without a disclaimer,≤100
200355362728,Matichon Online - มติชนออนไลน์,These ads ran without a disclaimer,≤100
114309304923279,ชัยทิพย์ กมลพันธ์ทิพย์,These ads ran without a disclaimer,≤100
940825216120429,Money Chat,These ads ran without a disclaimer,≤100
108555115657101,กิชรัธ ศีกับเจริญ,These ads ran without a disclaimer,≤100
105287461111265,INFO Thailand,INFO Thailand,≤100
583177138218565,CATZA,CATZA,≤100
129990773529609,ศุภมาส อิศรภักดี Supamas Isarabhakdi,ศุภมาส อิศรภักดี Supamas Isarabhakdi,≤100
508505075867875,บันเทิงหน้าตุ๊ด,These ads ran without a disclaimer,≤100
523567064183374,เอบี ประเทศไทย,These ads ran without a disclaimer,≤100
493315363855169,กันตพงศ์ ดีชัยยะ :แมพ - Kantapong Dechaiya :Map,กันตพงศ์ ดีชัยยะ :แมพ - Kantapong Dechaiya :Map,≤100
2394288604185969,NTD Thai,These ads ran without a disclaimer,≤100
656816594182074,Populargame,These ads ran without a disclaimer,≤100
110263854646061,กฤตทัศชญา ดิษฐเนตร,กฤตทัศชญา ดิษฐเนตร,≤100
564589743415310,พรรคเศรษฐกิจ - Economic Party,พรรคเศรษฐกิจ - Economic Party,≤100
666411866547908,แหม่มโพธิ์ดำ,These ads ran without a disclaimer,≤100
696009173597148,Pimrypie - ขายทุกอย่างงง.,These ads ran without a disclaimer,≤100
422302097630161,กิรติ จงพิพิธพร,These ads ran without a disclaimer,≤100
112300787363408,บุช สิทธิไชย เชื้อไทย,บุช สิทธิไชย เชื้อไทย,≤100
335978833560634,เอ้ สุชัชวีร์,These ads ran without a disclaimer,≤100
689229450944221,Aiคำคมโดนเส้น,These ads ran without a disclaimer,≤100
234211213115564,Thailand Science News,Thailand Science News,≤100
109638153906069,ศูนย์รวมแนวข้อสอบทางวิชาการ-vcktest.com,These ads ran without a disclaimer,≤100
321413081056017,CT Chawaphon Thikham,CT Chawaphon Thikham,≤100
1688125707998204,เก่งภาคิน ติระพงศ์ไพบูลย์,เก่งภาคิน ติระพงศ์ไพบูลย์,≤100
141739712586,ตรีรัตน์ ศิริจันทโรภาส - Treerat Sirichantaropas,ตรีรัตน์ ศิริจันทโรภาส - Treerat Sirichantaropas,≤100
444815236101667,สอบติดราชการ ครูผู้ช่วย สพฐ/กทม/ ท้องถิ่น/นักวิชาการศึกษา,These ads ran without a disclaimer,≤100
503739482824099,วชิรวิชญ์ พึ่งแรง,ทีมภูเก็ตหยัดได้,≤100
1828973974011393,ศูนย์การศึกษาพิเศษ ประจำจังหวัดพะเยา หน่วยบริการแม่ใจ,These ads ran without a disclaimer,≤100
100114552973547,Kristashaya Ditthanest,Kristashaya Ditthanest,≤100
102523832562224,โก้ว่า..โอเค,These ads ran without a disclaimer,≤100
1662521310669228,Super Trader Republic,These ads ran without a disclaimer,≤100
106337912336664,ปั้น ณัทกร แก้วพิจิตร,ปั้น ณัทกร แก้วพิจิตร,≤100
288941364827502,ศูนย์พลังจักรวาลและพลังจิตทิพย์ อโรคยา,These ads ran without a disclaimer,≤100
102031546057583,ตั๊ก อัยรินทร์ พันธุ์ฤทธิ์,These ads ran without a disclaimer,≤100
104393812499502,ชีทสรุปกฎหมาย สำหรับสอบราชการ พนักงานราชการ by.kantap,ชีทสรุปกฎหมาย สำหรับสอบราชการ พนักงานราชการ by.kantap,≤100
146339198717502,ตั๊น จิตภัสร์ กฤดากร,ตั๊น จิตภัสร์ กฤดากร,≤100
669306889604678,เจ้กุ้ง คนแหลมใหญ่,These ads ran without a disclaimer,≤100
470871406120075,ทันเดือด,ทันเดือด,≤100
294219037894368,ไป๊น่าน ชลน่านfc ช่วยงานสามีแพร้บ,These ads ran without a disclaimer,≤100
459039803952619,Thai PBS Verify,These ads ran without a disclaimer,≤100
1442648745963973,The International Conference on Agriculture,These ads ran without a disclaimer,≤100
343988625459266,HighestRoom Official,These ads ran without a disclaimer,≤100
687706121089387,Kwannapha Playmon,These ads ran without a disclaimer,≤100
381776585937252,Miss  LGBT  Thailand,These ads ran without a disclaimer,≤100
604534222738692,บอสอีซ้อลุยข่าว,These ads ran without a disclaimer,≤100
436052132920301,พีรวัส สมวงศ์,These ads ran without a disclaimer,≤100
290231041158403,สอวช.,These ads ran without a disclaimer,≤100
185853798130698,ปั่นไปไหน - สมชัย ศรีสุทธิยากร,These ads ran without a disclaimer,≤100
101858879354973,เชือกกายภาพ Strong 88 รับรองมาตรฐานโดยกระทรวงอุตสาหกรรม,These ads ran without a disclaimer,≤100
105355921391550,Jamjunkid,These ads ran without a disclaimer,≤100
570670886128057,รพ.สต. เชียงรากน้อย,These ads ran without a disclaimer,≤100
106326640734371,บอล เครื่องหมายข้าราชการ,These ads ran without a disclaimer,≤100
567081789825146,แชมป์ วรัญญู เหมือนเดช,แชมป์ วรัญญู เหมือนเดช,≤100
306361482565852,DRO อาหารเสริมคุณภาพระดับโลก,These ads ran without a disclaimer,≤100
716338431557135,DepartureAirport,These ads ran without a disclaimer,≤100
0,Instagram User 469294884,These ads ran without a disclaimer,≤100
586295084571497,Kanlapat Pattharasripong,These ads ran without a disclaimer,≤100
653875114481036,บั๋ม แม่หม่งน้ำจืดน้อย กระบุรี,These ads ran without a disclaimer,≤100
118817197975365,Barry Vichit Digital Nomad,These ads ran without a disclaimer,≤100
700012489856917,AI ทำให้ - You just Click,These ads ran without a disclaimer,≤100
620507678296571,ประชาคมแพทย์,These ads ran without a disclaimer,≤100
114277264902067,Bedrock Analytics,Bedrock Analytics,≤100
619583971244161,B BLOOM,These ads ran without a disclaimer,≤100
257079044342419,สกลธี ภัททิยกุล,These ads ran without a disclaimer,≤100
248138651715161,ค่ายมวยศักดิ์บุรีรัมย์ ศิษย์นายกทวีปตะพง,These ads ran without a disclaimer,≤100
665959319930122,กูว่ายิงเเน่,These ads ran without a disclaimer,≤100
1150663218282314,หนังสือพิมพ์ พิมพ์กาญจน์,หนังสือพิมพ์ พิมพ์กาญจน์,≤100
515531171965645,สำนักงานทนายความ ฉัตรประพล แย้มเพริศศรี Cp Law Firm ซีพี ลอว์ เฟิร์ม,These ads ran without a disclaimer,≤100
464149780112033,ชุมแพ รับฝาก,These ads ran without a disclaimer,≤100
126907407181323,TB - Talk,These ads ran without a disclaimer,≤100
570126522847617,Guardian Academy,These ads ran without a disclaimer,≤100
1338215792966119,The Story of แม่หญิงไฟ้ท์,These ads ran without a disclaimer,≤100
243514052173046,ชื่นจิต chuenchit,These ads ran without a disclaimer,≤100
100967228776688,สอบติดง่าย by มินนี่,These ads ran without a disclaimer,≤100
628602064279259,Momo Cargo รับนำเข้าสินค้าจากจีน แลกเรทเงิน,These ads ran without a disclaimer,≤100
105841127903798,เสื้อกั๊ก เสื้อแจ็คเก็ต พร้อมปักทุกหน่วยงาน,These ads ran without a disclaimer,≤100
643937885473777,ข่าวเผือก,These ads ran without a disclaimer,≤100
569891622884418,Jerapong Niyomsuan,These ads ran without a disclaimer,≤100
763239420383852,Money Buffalo,These ads ran without a disclaimer,≤100
104252174647077,รับลงทะเบียน ระบบ K-ETA,These ads ran without a disclaimer,≤100
652121851323085,เกาะกระแสข่าว,These ads ran without a disclaimer,≤100
108480414745082,Spotlight,These ads ran without a disclaimer,≤100
104527961482258,คดีผู้บริโภค และ การป้องกันและปราบปรามการทุจริต - ภาคประชาชน,These ads ran without a disclaimer,≤100
354806841059490,โอกาส Chance,These ads ran without a disclaimer,≤100
402744789585488,กรรมกร สีกากี,These ads ran without a disclaimer,≤100
213067162157474,คณะนิติศาสตร์ มหาวิทยาลัยธรรมศาสตร์,These ads ran without a disclaimer,≤100
141524739036472,Benz Tossaporn,These ads ran without a disclaimer,≤100
117117641670238,Krungsri Simple,These ads ran without a disclaimer,≤100
542168938989188,นาย นนทภูมิ ตั้งปณิธานนท์,These ads ran without a disclaimer,≤100
106999116124295,AsiaPlusGroup,These ads ran without a disclaimer,≤100
107842439013224,เพจนายกโก้ เรวัฒน์ แก้วประกอบ,เพจนายกโก้ เรวัฒน์ แก้วประกอบ,≤100
161537967033894,ศูนย์รวมข่าวเครือตะวันใหม่,These ads ran without a disclaimer,≤100
207416296817756,พรรคประชาชนราชบุรี - People's Party,พรรคประชาชนราชบุรี - People's Party,≤100
105932648015672,Kasettv5 เกษตรช่อง 5 พัฒนาชุมชน,These ads ran without a disclaimer,≤100
547561451985732,Taetea by misterpuerh,These ads ran without a disclaimer,≤100
429862706878025,Kanchit Kumsub,These ads ran without a disclaimer,≤100
111177625311148,Passorn Karnjanarat,These ads ran without a disclaimer,≤100
646675665194844,modlek.tonjaroen,These ads ran without a disclaimer,≤100
511081195422554,Paramee Pimarnman,These ads ran without a disclaimer,≤100
1736359789995583,Urban Creature,These ads ran without a disclaimer,≤100
300093723191108,เพื่อไทยเพื่อคนกรุงเทพ,เพื่อไทยเพื่อคนกรุงเทพ,≤100
114414238351881,Pipat Rungsawang,These ads ran without a disclaimer,≤100
156091578069821,FINNOMENA,These ads ran without a disclaimer,≤100
111651955127399,Nuttawat Rattananawatsakun,These ads ran without a disclaimer,≤100
460583007142889,สำนึกสาธารณะ: บ้านเมืองและการศึกษา,These ads ran without a disclaimer,≤100
326532283869016,หลักสูตรการป้องกันราชอาณาจักรสำหรับผู้บริหารแห่งอนาคต,These ads ran without a disclaimer,≤100
106729265702621,Prakai Wannawong,These ads ran without a disclaimer,≤100
1972612156353524,ปวริศฐ์ ปิยศรีขจรศิริ,ปวริศฐ์ ปิยศรีขจรศิริ,≤100
655956810940204,หมูเทา,These ads ran without a disclaimer,≤100
102794012699461,Montain Aimnor,These ads ran without a disclaimer,≤100
524363084103690,Khanom Festival 9,These ads ran without a disclaimer,≤100
475762915620077,Community For Regional Climate Change - RCCC,These ads ran without a disclaimer,≤100
612846918578698,โหราศาสตร์ 10 ลัคนา อ.สุทธาภา แทนวารีรัตน์ -2,These ads ran without a disclaimer,≤100
107420102448217,ไตรสรณคมน์ หนองเรือง เลขาดำ มุกดาหาร,These ads ran without a disclaimer,≤100
106060001351216,The Publisher,These ads ran without a disclaimer,≤100
101202512868425,Thekeyseason11,These ads ran without a disclaimer,≤100
102510531670148,เหล็ก.com - ชุมชนคนขายเหล็ก,These ads ran without a disclaimer,≤100
101793006092616,Naphasakorn Panijkijcharoen,These ads ran without a disclaimer,≤100
100813169674251,ไม่ลึกซึ้ง แต่พึ่งได้.,These ads ran without a disclaimer,≤100
100125495251215,Narinjara TV News,These ads ran without a disclaimer,≤100
245756205552255,มูลนิธิรณรงค์หยุดพนัน,These ads ran without a disclaimer,≤100
178283165362092,Apichart Thongyou,These ads ran without a disclaimer,≤100
1121281977960276,ข่าวช่องวัน,These ads ran without a disclaimer,≤100
315589861931733,จิตสำนึกรักเมืองไทย,These ads ran without a disclaimer,≤100
279457458842476,InnovestX,These ads ran without a disclaimer,≤100
774163095969168,ชุมพร ฟ้าใหม่,These ads ran without a disclaimer,≤100
105350229321269,Maeyu Yuwachon,These ads ran without a disclaimer,≤100
708765985643464,สอดรู้สอดเห็น ข่าวเกาหลีใต้,These ads ran without a disclaimer,≤100
2379888008959308,HappyChild,These ads ran without a disclaimer,≤100
100725518804527,อนุกูล พฤกษานุศักดิ์,These ads ran without a disclaimer,≤100
734003409785722,ทีมภูมิใจโคกยาง,These ads ran without a disclaimer,≤100
261923537346273,KAsset,These ads ran without a disclaimer,≤100
117654177918017,Æÿ Nathapong,These ads ran without a disclaimer,≤100
674580952405361,ข่าวชายแดน,These ads ran without a disclaimer,≤100
662701210264137,Natnapin P. Promtong,These ads ran without a disclaimer,≤100
341003202427524,ASEAN Centre for Energy,These ads ran without a disclaimer,≤100
101535845426970,พรรคไทยสร้างไทย,พรรคไทยสร้างไทย,≤100
1396456507116681,Dailyboomm,These ads ran without a disclaimer,≤100
111742821312611,novelties_collectables_th,These ads ran without a disclaimer,≤100
107153361195585,ดวงตรา อิสริยาภรณ์ 2,These ads ran without a disclaimer,≤100
642160942314377,Suriya Ck,These ads ran without a disclaimer,≤100
231129703740366,ตามสบายรีสอร์ท ชุมพร Tamsabai Resort,These ads ran without a disclaimer,≤100
1386682918223375,อภิรักษ์ ปันมูลศิลป์ Aphirak Punmoonsilp,These ads ran without a disclaimer,≤100
194064977116192,ไล่ล่าในคืนสยอง,These ads ran without a disclaimer,≤100
877274459134444,โรงเรียนมุจรินทร์ธรณ์บริรักษ์,These ads ran without a disclaimer,≤100
105623607599947,Principal Thailand,These ads ran without a disclaimer,≤100
688853154301885,รวมฮิตติดล้อ,These ads ran without a disclaimer,≤100
108346952339683,บูรพา กลิ่นสวาท,These ads ran without a disclaimer,≤100
471637219357807,ติวสอบ ขายหนังสือ นักการทูต by พี่นุ่น,These ads ran without a disclaimer,≤100
606951609173870,OTOP ของดีเมืองนนท์,These ads ran without a disclaimer,≤100
113964888245062,บ้านข่อย,บ้านข่อย,≤100
172423765954354,Sairung Pw,These ads ran without a disclaimer,≤100
109970094824279,Srisiam,These ads ran without a disclaimer,≤100
697150100145834,greenandglogal,These ads ran without a disclaimer,≤100
493357453866150,มิง กาลาบา,These ads ran without a disclaimer,≤100
465991629932440,เดอะมิชชั่นไทม์,These ads ran without a disclaimer,≤100
668811306839447,เกษตรสัญจร,These ads ran without a disclaimer,≤100
278803032231096,กองทุนพัฒนาน้ำบาดาล,These ads ran without a disclaimer,≤100
112823263575800,CCCL Film Festival,These ads ran without a disclaimer,≤100
333391483187795,น้องออม ธีร์รินทร์ เจียวก๊ก,น้องออม ธีร์รินทร์ เจียวก๊ก,≤100
693699083825761,รูป เล่า,These ads ran without a disclaimer,≤100
104578552630887,Aing Napat,These ads ran without a disclaimer,≤100
859229070920606,KResearch,These ads ran without a disclaimer,≤100
550162042072830,Wing World Wide,These ads ran without a disclaimer,≤100
342813318918547,Unnop Soottanuntana,These ads ran without a disclaimer,≤100
100908056276830,ตลาดหลักทรัพย์ - SET,These ads ran without a disclaimer,≤100
559406787581251,True Nutra Shop,These ads ran without a disclaimer,≤100
1501615643412716,Najam Institute,These ads ran without a disclaimer,≤100
100589039458575,SHBET - Hành Trình Thương Hiệu,These ads ran without a disclaimer,≤100
28312410177,World Food Programme,These ads ran without a disclaimer,≤100
107280087594348,Huanqiu.com,These ads ran without a disclaimer,≤100
148475051852754,Rockefeller Foundation,These ads ran without a disclaimer,≤100
179303806339996,Linked Care Services,These ads ran without a disclaimer,≤100
159538216427,昂坪360 Ngong Ping 360,These ads ran without a disclaimer,≤100
429547070240515,Lloyd Harrison,These ads ran without a disclaimer,≤100
941000735958736,Exness,These ads ran without a disclaimer,≤100
106471654540168,INFINOX Global,These ads ran without a disclaimer,≤100
172612392201,Pink Magazine,These ads ran without a disclaimer,≤100
405125306297087,AK ONE,These ads ran without a disclaimer,≤100
438814589934598,WMT Watches,These ads ran without a disclaimer,≤100
419589911243946,Luisa Deniz,These ads ran without a disclaimer,≤100
111013675049927,Certainow-LL,These ads ran without a disclaimer,≤100
349621924895988,CB.water Thailand,These ads ran without a disclaimer,≤100
106776778824715,Dengue.com,These ads ran without a disclaimer,≤100
122125014313430,Jenni AI,These ads ran without a disclaimer,≤100
603353856197580,templeofagartha,These ads ran without a disclaimer,≤100
0,Instagram User 7965681201,These ads ran without a disclaimer,≤100
155677885272,RFI 华语 - 法国国际广播电台,These ads ran without a disclaimer,≤100
21987463952,McKinsey & Company,These ads ran without a disclaimer,≤100
101103628988991,China Says,These ads ran without a disclaimer,≤100
174738095989909,Pichai Naripthaphan,These ads ran without a disclaimer,≤100